{
  "hash": "e34070ea",
  "configHash": "f761b1ff",
  "lockfileHash": "cfc96e61",
  "browserHash": "9058ce1d",
  "optimized": {
    "@angular/common": {
      "src": "../../../../../../node_modules/@angular/common/fesm2022/common.mjs",
      "file": "@angular_common.js",
      "fileHash": "cd11399b",
      "needsInterop": false
    },
    "@angular/common/http": {
      "src": "../../../../../../node_modules/@angular/common/fesm2022/http.mjs",
      "file": "@angular_common_http.js",
      "fileHash": "b1afb0b3",
      "needsInterop": false
    },
    "@angular/core": {
      "src": "../../../../../../node_modules/@angular/core/fesm2022/core.mjs",
      "file": "@angular_core.js",
      "fileHash": "8227a11d",
      "needsInterop": false
    },
    "@angular/forms": {
      "src": "../../../../../../node_modules/@angular/forms/fesm2022/forms.mjs",
      "file": "@angular_forms.js",
      "fileHash": "a7af8a1c",
      "needsInterop": false
    },
    "@angular/platform-browser": {
      "src": "../../../../../../node_modules/@angular/platform-browser/fesm2022/platform-browser.mjs",
      "file": "@angular_platform-browser.js",
      "fileHash": "065e9c48",
      "needsInterop": false
    },
    "@angular/platform-browser/animations": {
      "src": "../../../../../../node_modules/@angular/platform-browser/fesm2022/animations.mjs",
      "file": "@angular_platform-browser_animations.js",
      "fileHash": "4ed71916",
      "needsInterop": false
    },
    "@angular/router": {
      "src": "../../../../../../node_modules/@angular/router/fesm2022/router.mjs",
      "file": "@angular_router.js",
      "fileHash": "b9aeded8",
      "needsInterop": false
    },
    "@auth0/angular-jwt": {
      "src": "../../../../../../node_modules/@auth0/angular-jwt/fesm2020/auth0-angular-jwt.mjs",
      "file": "@auth0_angular-jwt.js",
      "fileHash": "b42ef4af",
      "needsInterop": false
    },
    "bootstrap": {
      "src": "../../../../../../node_modules/bootstrap/dist/js/bootstrap.esm.js",
      "file": "bootstrap.js",
      "fileHash": "4b89d6a4",
      "needsInterop": false
    },
    "ngx-toastr": {
      "src": "../../../../../../node_modules/ngx-toastr/fesm2022/ngx-toastr.mjs",
      "file": "ngx-toastr.js",
      "fileHash": "dea1961e",
      "needsInterop": false
    },
    "sweetalert2": {
      "src": "../../../../../../node_modules/sweetalert2/dist/sweetalert2.esm.all.js",
      "file": "sweetalert2.js",
      "fileHash": "7a1011cf",
      "needsInterop": false
    }
  },
  "chunks": {
    "chunk-X3EQQS74": {
      "file": "chunk-X3EQQS74.js"
    },
    "chunk-J5NU676W": {
      "file": "chunk-J5NU676W.js"
    },
    "chunk-ZDV3LBPR": {
      "file": "chunk-ZDV3LBPR.js"
    },
    "chunk-ZLXNN5FI": {
      "file": "chunk-ZLXNN5FI.js"
    },
    "chunk-7VKGKAYA": {
      "file": "chunk-7VKGKAYA.js"
    },
    "chunk-XWLXMCJQ": {
      "file": "chunk-XWLXMCJQ.js"
    }
  }
}